moduleColors	Freq
turquoise	766
blue	573
brown	400
yellow	384
green	338
red	336
black	334
pink	310
magenta	240
purple	169
greenyellow	165
tan	162
salmon	156
cyan	146
midnightblue	143
lightcyan	132
grey60	118
lightgreen	115
lightyellow	113
royalblue	97
darkred	95
darkgreen	93
darkturquoise	91
darkgrey	87
orange	84
darkorange	82
white	77
skyblue	72
saddlebrown	67
steelblue	66
paleturquoise	64
violet	64
darkolivegreen	60
darkmagenta	58
sienna3	56
yellowgreen	56
skyblue3	53
plum1	52
orangered4	51
mediumpurple3	49
grey	46
ivory	42
lightcyan1	42
lightsteelblue1	42
floralwhite	37
darkorange2	33
brown4	32
bisque4	31
darkslateblue	31
plum2	31
thistle1	27
thistle2	27
salmon4	26
palevioletred3	25
